City,AverageRating,RatingGroup
Athens,4.241316931982634,Top
Rome,4.19908330011957,Top
Oporto,4.164118705035971,Top
